{
  "launch_ui.py": 1775061810.3923905,
  "main.py": 1776016609.3291283,
  "bridge_logging\\logger.py": 1774538166.296198,
  "bridge_logging\\__init__.py": 1774538166.296198,
  "context\\file_selector.py": 1774544461.5170715,
  "context\\idea_loader.py": 1775321050.7577918,
  "context\\project_understanding.py": 1774974935.5126052,
  "context\\repo_scanner.py": 1775396364.1780949,
  "context\\__init__.py": 1774538166.2971969,
  "executor\\aider_config.py": 1775393847.3921576,
  "executor\\aider_runner.py": 1776018133.158274,
  "executor\\deterministic_executor.py": 1775502417.3385103,
  "executor\\diff_collector.py": 1775749589.6605072,
  "executor\\failure_feedback.py": 1775502417.3395147,
  "executor\\task_ir.py": 1775502417.3405168,
  "executor\\__init__.py": 1774538166.298196,
  "firebase\\functions\\index.js": 1775299277.2238076,
  "memory\\memory_client.py": 1775999448.8610332,
  "memory\\__init__.py": 1775999448.860036,
  "models\\task.py": 1775322933.1480498,
  "models\\__init__.py": 1774538166.3001962,
  "parser\\task_parser.py": 1775749589.662508,
  "parser\\__init__.py": 1774538166.3001962,
  "planner\\codex_client.py": 1774538166.3011956,
  "planner\\fallback_planner.py": 1774538166.3011956,
  "planner\\__init__.py": 1774538166.3011956,
  "planning\\plan_manager.py": 1775393847.3961608,
  "planning\\__init__.py": 1775393847.3951573,
  "supervisor\\agent.py": 1775408151.6886091,
  "supervisor\\prompts.py": 1775408151.6896124,
  "supervisor\\__init__.py": 1774538166.3021965,
  "tests\\test_bridge_resilience.py": 1774974935.5146012,
  "ui\\app.py": 1775749589.6655083,
  "ui\\app_state.py": 1775393847.4041562,
  "ui\\bridge_runner.py": 1775322933.153052,
  "ui\\setup_checker.py": 1775412227.976681,
  "ui\\state_store.py": 1775749589.6655083,
  "ui\\__init__.py": 1774538166.3031974,
  "ui\\api\\chat_routes.py": 1775393847.3991566,
  "ui\\api\\firebase_routes.py": 1775393847.3991566,
  "ui\\api\\git_routes.py": 1775393847.400156,
  "ui\\api\\relay_routes.py": 1775749589.6635096,
  "ui\\api\\system_routes.py": 1775393847.401158,
  "ui\\api\\__init__.py": 1775393847.3981583,
  "ui\\static\\js\\core\\action-log.js": 1775248649.5601146,
  "ui\\static\\js\\core\\api.js": 1775061810.4003892,
  "ui\\static\\js\\core\\chat-drawer.js": 1775393847.405157,
  "ui\\static\\js\\core\\event-notifier.js": 1775141047.114635,
  "ui\\static\\js\\core\\firebase-auth.js": 1775299277.2288065,
  "ui\\static\\js\\core\\help.js": 1775141047.114635,
  "ui\\static\\js\\core\\markdown.js": 1775393847.406156,
  "ui\\static\\js\\core\\project.js": 1775301742.0255456,
  "ui\\static\\js\\core\\shortcuts.js": 1775300191.3561797,
  "ui\\static\\js\\core\\sounds.js": 1775141047.116635,
  "ui\\static\\js\\core\\sse.js": 1775061810.4013884,
  "ui\\static\\js\\core\\store.js": 1775061810.4013884,
  "ui\\static\\js\\core\\theme.js": 1775141047.117635,
  "ui\\static\\js\\core\\toast.js": 1775141047.1186342,
  "ui\\static\\js\\core\\wallpaper.js": 1775141047.1196346,
  "ui\\static\\js\\pages\\cloud.js": 1775300191.3561797,
  "ui\\static\\js\\pages\\dashboard.js": 1775280282.397843,
  "ui\\static\\js\\pages\\git.js": 1775246183.7233822,
  "ui\\static\\js\\pages\\history.js": 1775502417.343516,
  "ui\\static\\js\\pages\\knowledge.js": 1775393847.4071572,
  "ui\\static\\js\\pages\\monitor.js": 1775749589.667681,
  "ui\\static\\js\\pages\\run.js": 1775749589.6686785,
  "ui\\static\\js\\pages\\setup.js": 1775280282.4008522,
  "utils\\checkpoint.py": 1775393847.4101565,
  "utils\\command_resolution.py": 1774538166.3051975,
  "utils\\deep_scanner.py": 1775408151.693609,
  "utils\\firebase_sync.py": 1775299277.232808,
  "utils\\firebase_user_setup.py": 1775299277.232808,
  "utils\\git_manager.py": 1775393847.411157,
  "utils\\manual_supervisor.py": 1775749589.670679,
  "utils\\model_advisor.py": 1776100090.8271482,
  "utils\\onboarding_scanner.py": 1774624743.5410542,
  "utils\\project_knowledge.py": 1775144666.6355588,
  "utils\\project_type_prompt.py": 1775061810.4113889,
  "utils\\relay_formatter.py": 1775141047.1321478,
  "utils\\report_generator.py": 1775241473.3652248,
  "utils\\run_diagnostics.py": 1775280282.4048512,
  "utils\\telemetry.py": 1775252906.7259576,
  "utils\\version.py": 1775502417.3445146,
  "utils\\__init__.py": 1774538166.3051975,
  "validator\\unity_checks.py": 1775393847.4121609,
  "validator\\validator.py": 1775393847.4131575,
  "validator\\__init__.py": 1774538166.3061976,
  "AGENTIC_AI_ONBOARDING.md": 1775408151.686608,
  "AGENT_CONTEXT.md": 1775061810.3863893,
  "AI_SUPERVISOR_PROMPT.md": 1774624743.5340557,
  "CASE_STUDY.md": 1775502417.3375106,
  "CHANGELOG.md": 1775280282.3773258,
  "features.md": 1775280282.384334,
  "FIREBASE_ARCHITECTURE.md": 1775283361.040422,
  "FIREBASE_IMPLEMENTATION_PLAN.md": 1775283361.04142,
  "FIREBASE_TEST_CASES.md": 1775283361.0424218,
  "HOW_TO.md": 1775141047.0946264,
  "HOW_TO_TALK_TO_SUPERVISOR.md": 1774624743.5350542,
  "PER_USER_FIREBASE_ARCHITECTURE.md": 1775299277.2208073,
  "README.md": 1775280282.3793232,
  "requirements.txt": 1774538166.3021965,
  "requirements_ui.txt": 1774538166.3021965,
  "SKILL_USAGE.md": 1775749589.6595085,
  "Universal Pipeline.md": 1775280282.380324,
  "WHY_THIS_REPO.md": 1774544461.5160723,
  "WORK_LOG.md": 1775241473.3371172,
  "bridge_progress\\AI_UNDERSTANDING.md": 1776016613.7699842,
  "bridge_progress\\LATEST_REPORT.md": 1776016622.6537137,
  "bridge_progress\\RUN_REPORT.md": 1776016622.6649642,
  "ui\\static\\favicon.svg": 1774974935.5176036
}